epoch,acc,loss,val_acc,val_loss
0,0.57777566788,1.57264730615,0.893453405054,0.367621828262
1,0.879559442375,0.440369363873,0.931458675799,0.264683098726
2,0.913258318063,0.328796061222,0.936731084723,0.254535132981
3,0.924554033302,0.284341410814,0.943541280061,0.23869091705
4,0.931896245622,0.248580123652,0.949033370467,0.217174670969
5,0.937073448703,0.23332216662,0.950790842736,0.201658283561
6,0.942674239742,0.215699807492,0.952548311496,0.211446532819
