epoch,acc,loss,val_acc,val_loss
0,0.497925012506,1.89431978812,0.845897449499,0.502376385193
1,0.833049841649,0.586809993765,0.895095992393,0.368373296857
2,0.884890104238,0.414438476721,0.923662888618,0.295615909256
3,0.905843910514,0.338306999652,0.925884759354,0.298232012274
